"STATION","DATE","LATITUDE","LONGITUDE","ELEVATION","NAME","CDSD","CDSD_ATTRIBUTES","CLDD","CLDD_ATTRIBUTES","DP01","DP01_ATTRIBUTES","DP10","DP10_ATTRIBUTES","DP1X","DP1X_ATTRIBUTES","DSND","DSND_ATTRIBUTES","DSNW","DSNW_ATTRIBUTES","DT00","DT00_ATTRIBUTES","DT32","DT32_ATTRIBUTES","DX32","DX32_ATTRIBUTES","DX70","DX70_ATTRIBUTES","DX90","DX90_ATTRIBUTES","EMNT","EMNT_ATTRIBUTES","EMSD","EMSD_ATTRIBUTES","EMSN","EMSN_ATTRIBUTES","EMXP","EMXP_ATTRIBUTES","EMXT","EMXT_ATTRIBUTES","FZF0","FZF0_ATTRIBUTES","FZF1","FZF1_ATTRIBUTES","FZF2","FZF2_ATTRIBUTES","FZF3","FZF3_ATTRIBUTES","FZF4","FZF4_ATTRIBUTES","FZF5","FZF5_ATTRIBUTES","FZF6","FZF6_ATTRIBUTES","FZF7","FZF7_ATTRIBUTES","FZF8","FZF8_ATTRIBUTES","FZF9","FZF9_ATTRIBUTES","HDSD","HDSD_ATTRIBUTES","HN01","HN01_ATTRIBUTES","HTDD","HTDD_ATTRIBUTES","HX01","HX01_ATTRIBUTES","LN01","LN01_ATTRIBUTES","LX01","LX01_ATTRIBUTES","MN01","MN01_ATTRIBUTES","MX01","MX01_ATTRIBUTES","PRCP","PRCP_ATTRIBUTES","SNOW","SNOW_ATTRIBUTES","TAVG","TAVG_ATTRIBUTES","TMAX","TMAX_ATTRIBUTES","TMIN","TMIN_ATTRIBUTES"
"USC00200230","1892","42.29806","-83.66388","247.8","ANN ARBOR U OF MICH, MI US","312.7","","312.7","6","","","","","","","","","","","8","6","153","6","61","6","113","6","10","6","-26.1","6,1226,","","","","","","","34.4","6,0809,+","0.0","6,1006","-2.2","6,1030","-6.7","6,1105","-6.7","6,1105","-10.0","6,1123","0.0","6,0430","-2.2","6,0426","-4.4","6,0413","-11.7","6,0321","-11.7","6,0321","","","","","","","","","","","","","","","","","","","","","7.91","6","12.71","6","3.11","6"
"USC00200230","1893","42.29806","-83.66388","247.8","ANN ARBOR U OF MICH, MI US","283.0","","283.0","6","","","","","","","","","","","13","6","145","6","68","6","119","6","3","6","-23.9","6,0115,","","","","","","","33.3","6,0810,","-1.1","6,0929","-3.3","6,1030","-7.2","6,1115","-7.2","6,1115","-9.4","6,1125","0.0","6,0426","-2.2","6,0416","-5.0","6,0402","-7.2","6,0329","-10.0","6,0318","4113.5","","","","4113.5","6","","","","","","","","","","","","","","","7.39","6","12.38","6","2.39","6"
"USC00200230","1894","42.29806","-83.66388","247.8","ANN ARBOR U OF MICH, MI US","381.8","","381.8","6","","","","","","","","","","","5","6","128","6","43","6","128","6","17","6","-22.8","6,0224,","","","","","","","36.1","6,0719,","-0.6","6,1014","-2.2","6,1015","-8.3","6,1110","-8.3","6,1110","-9.4","6,1111","-0.6","6,0412","-3.9","6,0409","-5.6","6,0402","-6.7","6,0328","-10.6","6,0327","3587.5","","","","3587.5","6","","","","","","","","","","","","","","","9.15","6","14.19","6","4.10","6"
"USC00200230","1895","42.29806","-83.66388","247.8","ANN ARBOR U OF MICH, MI US","442.1","","442.1","6","","","","","","","","","","","15","6","150","6","68","6","136","6","22","6","-23.3","6,0205,","","","","","","","34.4","6,0707,+","-1.7","6,1010","-7.2","6,1021","-7.2","6,1021","-7.2","6,1021","-10.6","6,1120","0.0","6,0521","-3.9","6,0411","-5.0","6,0327","-8.9","6,0322","-8.9","6,0322","4047.8","","","","4047.8","6","","","","","","","","","","","","","","","8.08","6","13.72","6","2.43","6"
"USC00200230","1896","42.29806","-83.66388","247.8","ANN ARBOR U OF MICH, MI US","341.3","","341.3","6","","","","","","","","","","","7","6","143","6","56","6","135","6","4","6","-21.7","6,1223,","","","","","","","33.9","6,0808,","0.0","6,0922","-2.8","6,1018","-5.0","6,1024","-6.7","6,1113","-8.9","6,1129","-3.9","6,0408","-3.9","6,0408","-6.1","6,0407","-7.8","6,0403","-8.9","6,0327","3538.1","","","","3538.1","6","","","","","","","","","","","","","","","8.83","6","13.66","6","3.99","6"
"USC00200230","1897","42.29806","-83.66388","247.8","ANN ARBOR U OF MICH, MI US","369.8","","369.8","0","117","0","82","0","2","0","","","","","7","0","140","0","55","0","136","0","22","0","-26.7","0,0124,","","","","","39.4",",0,1109,","38.9","0,0709,","-1.7","0,1106","-2.2","0,1111","-4.4","0,1112","-8.3","0,1122","-9.4","0,1123","-1.7","0,0426","-4.4","0,0420","-4.4","0,0420","-8.9","0,0419","-8.9","0,0419","4025.1","","","","4025.1","0","","","","","","","","","","","829.6",",0","","","8.59","0","14.43","0","2.76","0"
"USC00200230","1898","42.29806","-83.66388","247.8","ANN ARBOR U OF MICH, MI US","464.2","","464.2","0","120","0","76","0","3","0","","","","","3","0","135","0","47","0","144","0","30","0","-21.1","0,0203,+","","","","","56.4",",0,1004,","37.8","0,0823,","-0.6","0,1015","-3.3","0,1027","-6.7","0,1111","-6.7","0,1111","-9.4","0,1122","-4.4","0,0408","-4.4","0,0408","-4.4","0,0408","-9.4","0,0405","-9.4","0,0405","3473.2","","","","3473.2","0","","","","","","","","","","","835.7",",0","","","9.37","0","15.12","0","3.62","0"
"USC00200230","1899","42.29806","-83.66388","247.8","ANN ARBOR U OF MICH, MI US","423.6","","423.6","0","103","0","59","0","5","0","","","","","16","0","138","0","56","0","155","0","31","0","-26.7","0,0213,+","","","","","35.3",",0,1104,","37.2","0,0819,","-0.6","0,0927","-2.8","0,0930","-6.1","0,1001","-7.8","0,1204","-11.1","0,1205","-0.6","0,0416","-2.8","0,0410","-5.6","0,0405","-9.4","0,0403","-9.4","0,0403","3702.0","","","","3702.0","0","","","","","","","","","","","682.3",",0","","","9.02","0","14.84","0","3.20","0"
"USC00200230","1900","42.29806","-83.66388","247.8","ANN ARBOR U OF MICH, MI US","478.7","","478.7","0","114","0","67","0","6","0","","","","","18","0","149","0","51","0","164","0","26","0","-21.7","0,0217,+","","","","","53.3",",0,0531,","36.7","0,0805,","-3.3","0,1017","-3.3","0,1017","-4.4","0,1113","-7.8","0,1115","-9.4","0,1116","-1.7","0,0505","-2.2","0,0413","-5.6","0,0411","-7.2","0,0325","-11.7","0,0318","3769.7","","","","3769.7","0","","","","","","","","","","","725.9",",0","","","9.31","0","15.17","0","3.45","0"
"USC00200230","1901","42.29806","-83.66388","247.8","ANN ARBOR U OF MICH, MI US","471.1","","471.1","0","120","0","55","0","4","0","","","","","14","0","159","0","62","0","139","0","32","0","-23.9","0,1221,","","","","","45.7",",0,1012,","36.1","0,0720,+","-1.1","0,1004","-3.3","0,1018","-6.1","0,1105","-7.2","0,1127","-11.1","0,1128","0.0","0,0421","-2.2","0,0419","-4.4","0,0330","-7.2","0,0327","-10.6","0,0316","3741.3","","","","3741.3","0","","","","","","","","","","","657.1",",0","","","8.46","0","14.19","0","2.73","0"
"USC00200230","1902","42.29806","-83.66388","247.8","ANN ARBOR U OF MICH, MI US","262.0","","262.0","0","132","0","82","0","7","0","","","","","9","0","133","0","59","0","126","0","2","0","-21.7","0,0205,","","","","","62.2",",0,0707,","32.8","0,0704,","-0.6","0,1017","-2.8","0,1029","-6.1","0,1127","-7.8","0,1128","-10.0","0,1208","-0.6","0,0511","-5.0","0,0415","-5.0","0,0415","-11.1","0,0320","-11.1","0,0320","3833.1","","","","3833.1","0","","","","","","","","","","","1017.1",",0","","","8.70","0","14.22","0","3.18","0"
"USC00200230","1903","42.29806","-83.66388","247.8","ANN ARBOR U OF MICH, MI US","238.8","","238.8","0","144","0","81","0","5","0","","","","","9","0","146","0","60","0","130","0","5","0","-23.3","0,0217,","","","","","40.4",",0,0718,","33.3","0,0709,+","-1.7","0,1023","-5.0","0,1024","-5.0","0,1024","-8.3","0,1107","-10.6","0,1118","-2.2","0,0504","-2.2","0,0504","-7.8","0,0405","-7.8","0,0405","-11.1","0,0301","3585.7","","","","3585.7","0","","","","","","","","","","","937.1",",0","","","8.27","0","13.78","0","2.77","0"
"USC00200230","1904","42.29806","-83.66388","247.8","ANN ARBOR U OF MICH, MI US","259.0","","259.0","0","134","0","61","0","4","0","","","","","21","0","157","0","83","0","129","0","5","0","-24.4","0,0216,","","","","","26.4",",0,0926,+","36.1","0,0718,+","-0.6","0,0922","-3.3","0,1027","-5.0","0,1031","-6.7","0,1127","-11.1","0,1128","0.0","0,0511","-3.9","0,0422","-7.8","0,0421","-7.8","0,0421","-9.4","0,0328","4313.2","","","","4313.2","0","","","","","","","","","","","699.7",",0","","","7.22","0","12.67","0","1.77","0"
"USC00200230","1905","42.29806","-83.66388","247.8","ANN ARBOR U OF MICH, MI US","330.1","","330.1","0","127","0","65","0","6","0","","","","","14","0","157","0","60","0","143","0","8","0","-23.3","0,0215,+","","","","","58.4",",0,0606,","33.9","0,0812,+","-1.1","0,1021","-2.2","0,1025","-6.1","0,1029","-7.8","0,1102","-10.0","0,1114","-3.3","0,0501","-3.3","0,0501","-4.4","0,0408","-11.7","0,0314","-11.7","0,0314","3969.8","","","","3969.8","0","","","","","","","","","","","929.9",",0","","","8.49","0","13.87","0","3.12","0"
"USC00200230","1906","42.29806","-83.66388","247.8","ANN ARBOR U OF MICH, MI US","433.7","","433.7","0","123","0","76","0","6","0","","","7","0","5","0","141","0","51","0","146","0","18","0","-20.0","0,0207,+","","","107",",0,0319,","39.6",",0,0514,","35.0","0,0722,","-1.7","0,1010","-4.4","0,1031","-4.4","0,1031","-7.2","0,1101","-8.9","0,1203","-1.7","0,0510","-2.2","0,0402","-4.4","0,0401","-9.4","0,0325","-9.4","0,0325","3635.0","","","","3635.0","0","","","","","","","","","","","802.0",",0","492",",0","9.51","0","14.83","0","4.19","0"
"USC00200230","1907","42.29806","-83.66388","247.8","ANN ARBOR U OF MICH, MI US","254.5","","254.5","0","122","0","78","0","3","0","","","","","8","0","168","0","54","0","103","0","1","0","-22.8","0,0222,","","","","","44.2",",0,0711,","32.8","0,0618,","0.0","0,0926","-2.2","0,1019","-6.7","0,1024","-6.7","0,1024","-10.0","0,1204","0.0","0,0528","-2.8","0,0511","-6.1","0,0415","-8.9","0,0402","-8.9","0,0402","4024.7","","","","4024.7","0","","","","","","","","","","","797.7",",0","","","7.40","0","12.32","0","2.47","0"
"USC00200230","1908","42.29806","-83.66388","247.8","ANN ARBOR U OF MICH, MI US","364.3","","364.3","0","91","0","63","0","6","0","","","","","6","0","149","0","55","0","149","0","18","0","-22.2","0,0130,","","","","","47.2",",0,0812,","36.1","0,0803,","-0.6","0,1002","-2.8","0,1012","-6.1","0,1101","-6.7","0,1104","-10.6","0,1202","-1.1","0,0503","-2.8","0,0421","-6.1","0,0404","-8.9","0,0325","-8.9","0,0325","3854.8","","","","3854.8","0","","","","","","","","","","","788.5",",0","","","9.00","0","14.50","0","3.50","0"
"USC00200230","1909","42.29806","-83.66388","247.8","ANN ARBOR U OF MICH, MI US","268.0","","268.0","0","111","0","58","0","5","0","","","","","5","0","154","0","47","0","124","0","6","0","-22.2","0,0201,","","","","","53.8",",0,1122,","35.0","0,0825,","-1.1","0,1012","-3.3","0,1025","-5.6","0,1029","-7.8","0,1124","-16.7","0,1208","-1.1","0,0504","-2.8","0,0503","-4.4","0,0414","-7.8","0,0410","-11.1","0,0318","3702.2","","","","3702.2","0","","","","","","","","","","","714.5",",0","","","8.46","0","13.73","0","3.19","0"
"USC00200230","1910","42.29806","-83.66388","247.8","ANN ARBOR U OF MICH, MI US","335.6","","335.6","0","125","0","70","0","1","0","","","","","4","0","144","0","62","0","131","0","11","0","-18.9","0,1225,+","","","","","38.4",",0,0502,","35.6","0,0709,","-0.6","0,1028","-4.4","0,1029","-4.4","0,1029","-12.2","0,1204","-12.2","0,1204","-1.1","0,0514","-2.8","0,0413","-5.6","0,0317","-9.4","0,0315","-9.4","0,0315","3804.7","","","","3804.7","0","","","","","","","","","","","658.4",",0","","","8.65","0","13.95","0","3.34","0"
"USC00200230","1911","42.29806","-83.66388","247.8","ANN ARBOR U OF MICH, MI US","444.2","","444.2","0","128","0","72","0","4","0","","","","","1","0","153","0","39","0","134","0","25","0","-18.3","0,0104,","","","","","46.7",",0,1001,","38.3","0,0705,","-1.1","0,1027","-2.8","0,1028","-5.6","0,1102","-7.8","0,1112","-11.7","0,1113","-0.6","0,0504","-2.8","0,0417","-5.6","0,0403","-7.8","0,0402","-11.7","0,0401","3782.8","","","","3782.8","0","","","","","","","","","","","740.8",",0","","","9.41","0","14.52","0","4.30","0"
"USC00200230","1912","42.29806","-83.66388","247.8","ANN ARBOR U OF MICH, MI US","318.7","","318.7","0","122","0","71","0","4","0","","","","","19","0","148","0","74","0","129","0","7","0","-29.4","0,0210,","","","","","26.2",",0,0819,","33.3","0,0910,+","-0.6","0,1016","-3.9","0,1102","-4.4","0,1103","-6.7","0,1128","-10.0","0,1208","0.0","0,0513","-2.2","0,0408","-5.6","0,0403","-11.1","0,0325","-11.1","0,0325","4167.5","","","","4167.5","0","","","","","","","","","","","739.4",",0","","","7.69","0","12.83","0","2.55","0"
"USC00200230","1913","42.29806","-83.66388","247.8","ANN ARBOR U OF MICH, MI US","397.5","","397.5","0","104","0","59","0","2","0","","","","","3","0","129","0","44","0","136","0","25","0","-19.4","0,0205,","","","","","46.0",",0,0515,","37.2","0,0902,","-1.7","0,1022","-5.6","0,1101","-5.6","0,1101","-7.2","0,1207","-9.4","0,1208","0.0","0,0511","-3.9","0,0420","-11.7","0,0328","-11.7","0,0328","-11.7","0,0328","3605.7","","","","3605.7","0","","","","","","","","","","","675.7",",0","","","9.50","0","15.00","0","4.00","0"
"USC00200230","1914","42.29806","-83.66388","247.8","ANN ARBOR U OF MICH, MI US","380.8","","380.8","0","109","0","63","0","8","0","","","","","18","0","146","0","63","0","135","0","16","0","-23.9","0,0213,+","","","","","46.2",",0,0511,","35.0","0,0722,","-0.6","0,1025","-2.2","0,1026","-4.4","0,1027","-7.2","0,1117","-10.0","0,1118","0.0","0,0501","-2.2","0,0424","-5.0","0,0413","-8.3","0,0409","-8.9","0,0408","3732.4","","","","3732.4","0","","","","","","","","","","","835.1",",0","","","8.48","0","13.76","0","3.20","0"
"USC00200230","1915","42.29806","-83.66388","247.8","ANN ARBOR U OF MICH, MI US","203.1","","203.1","0","126","0","61","0","5","0","","","","","5","0","141","0","58","0","115","0","1","0","-23.9","0,0130,","","","","","37.6",",0,0812,","32.2","0,0716,","-2.2","0,1010","-2.2","0,1010","-5.0","0,1130","-6.7","0,1203","-8.9","0,1207","-1.1","0,0417","-2.2","0,0414","-6.1","0,0404","-11.1","0,0330","-11.1","0,0330","3862.9","","","","3862.9","0","","","","","","","","","","","716.4",",0","","","8.31","0","13.16","0","3.47","0"
"USC00200230","1916","42.29806","-83.66388","247.8","ANN ARBOR U OF MICH, MI US","386.7","","386.7","0","153","0","80","0","8","0","","","","","7","0","143","0","70","0","126","0","18","0","-22.8","0,0214,","","","","","33.8",",0,0905,","36.7","0,0730,","0.0","0,1010","-2.8","0,1111","-11.7","0,1115","-11.7","0,1115","-11.7","0,1115","0.0","0,0415","-3.3","0,0410","-10.0","0,0324","-10.0","0,0324","-10.0","0,0324","3895.6","","","","3895.6","0","","","","","","","","","","","928.4",",0","","","8.49","0","13.58","0","3.38","0"
"USC00200230","1917","42.29806","-83.66388","247.8","ANN ARBOR U OF MICH, MI US","198.9","","198.9","0","112","0","70","0","13","0","","","","","17","0","154","0","64","0","103","0","5","0","-26.7","0,0212,","","","","","74.4",",0,0623,","37.2","0,0801,","-0.6","0,1006","-2.2","0,1009","-4.4","0,1031","-6.7","0,1119","-11.1","0,1124","0.0","0,0504","-4.4","0,0416","-4.4","0,0416","-10.6","0,0319","-10.6","0,0319","4092.5","","","","4092.5","0","","","","","","","","","","","1068.2",",0","","","6.80","0","11.72","0","1.86","0"
"USC00200230","1918","42.29806","-83.66388","247.8","ANN ARBOR U OF MICH, MI US","360.6","","360.6","0","119","0","74","0","9","0","","","","","15","0","136","0","48","0","135","0","18","0","-28.3","0,0205,+","","","","","58.9",",0,0219,","40.0","0,0806,","0.0","0,1001","-2.2","0,1114","-4.4","0,1124","-10.0","0,1201","-10.0","0,1201","0.0","0,0501","-2.8","0,0425","-5.0","0,0419","-10.0","0,0410","-10.0","0,0410","4197.3","","","","4197.3","0","","","","","","","","","","","933.2",",0","","","8.66","0","14.24","0","3.09","0"
"USC00200230","1919","42.29806","-83.66388","247.8","ANN ARBOR U OF MICH, MI US","423.4","","423.4","0","126","0","73","0","8","0","","","","","4","0","140","0","50","0","139","0","14","0","-18.3","0,1218,+","","","","","58.2",",0,1129,","35.0","0,0726,","0.0","0,1018","-2.2","0,1106","-4.4","0,1113","-6.7","0,1114","-12.2","0,1202","-0.6","0,0427","-2.8","0,0426","-7.8","0,0401","-7.8","0,0401","-11.1","0,0306","3559.4","","","","3559.4","0","","","","","","","","","","","898.6",",0","","","9.37","0","14.74","0","3.99","0"
"USC00200230","1920","42.29806","-83.66388","247.8","ANN ARBOR U OF MICH, MI US","250.4","","250.4","0","114","0","74","0","6","0","","","","","12","0","143","0","71","0","137","0","3","0","-22.8","0,0125,","","","","","54.6",",0,0620,","33.9","0,0723,","0.0","0,1028","-5.0","0,1111","-5.0","0,1111","-8.9","0,1112","-8.9","0,1112","-0.6","0,0503","-2.2","0,0414","-6.1","0,0413","-7.2","0,0409","-8.9","0,0406","4102.8","","","","4102.8","0","","","","","","","","","","","870.7",",0","","","8.23","0","13.48","0","2.98","0"
"USC00200230","1921","42.29806","-83.66388","247.8","ANN ARBOR U OF MICH, MI US","460.3","","460.3","0","127","0","76","0","6","0","","","12","0","0","0","139","0","38","0","145","0","9","0","-15.0","0,0118,","","","175",",0,0226,","48.3",",0,0627,","37.8","0,0617,","-0.6","0,1013","-2.2","0,1105","-6.7","0,1110","-6.7","0,1110","-10.6","0,1221","-0.6","0,0516","-5.6","0,0418","-5.6","0,0418","-9.4","0,0329","-9.4","0,0329","3259.3","","","","3259.3","0","","","","","","","","","","","839.5",",0","982",",0","10.37","0","15.53","0","5.22","0"
"USC00200230","1922","42.29806","-83.66388","247.8","ANN ARBOR U OF MICH, MI US","366.4","","366.4","0","125","0","65","0","6","0","","","9","0","5","0","142","0","52","0","142","0","9","0","-22.8","0,0125,","","","168",",0,1214,","38.9",",0,0411,","33.9","0,0908,+","-2.2","0,1013","-2.2","0,1013","-4.4","0,1125","-6.7","0,1128","-9.4","0,1206","0.0","0,0429","-2.8","0,0420","-7.8","0,0322","-7.8","0,0322","-9.4","0,0303","3567.9","","","","3567.9","0","","","","","","","","","","","664.6",",0","651",",0","9.49","0","14.71","0","4.26","0"
"USC00200230","1923","42.29806","-83.66388","247.8","ANN ARBOR U OF MICH, MI US","303.3","","303.3","0","128","0","74","0","5","0","","","26","0","3","0","149","0","44","0","129","0","6","0","-19.4","0,0117,","","","140",",0,0223,+","47.0",",0,0808,","34.4","0,0623,","-0.6","0,1007","-2.2","0,1022","-4.4","0,1031","-7.2","0,1207","","","0.0","0,0513","-2.2","0,0510","-5.6","0,0414","-12.8","0,0401","-12.8","0,0401","3856.6","","","","3856.6","0","","","","","","","","","","","806.3",",0","2104",",0","8.58","0","13.80","0","3.36","0"
"USC00200230","1924","42.29806","-83.66388","247.8","ANN ARBOR U OF MICH, MI US","206.5","","206.5","0","127","0","69","0","3","0","","","","","11","0","143","0","66","0","113","0","4","0","-23.9","0,1225,","","","","","36.8",",0,0624,","34.4","0,0831,","0.0","0,1021","-3.3","0,1103","-5.0","0,1116","-8.9","0,1117","-8.9","0,1117","-0.6","0,0501","-2.8","0,0411","-6.7","0,0402","-6.7","0,0402","-8.9","0,0315","3900.1","","","","3900.1","0","","","","","","","","","","","674.6",",0","","","7.73","0","12.72","0","2.74","0"
"USC00200230","1925","42.29806","-83.66388","247.8","ANN ARBOR U OF MICH, MI US","385.5","","385.5","0","129","0","70","0","5","0","","","","","4","0","150","0","51","0","130","0","12","0","-23.9","0,0128,","","","","","33.5",",0,0927,","35.0","0,0830,+","-2.8","0,1010","-2.8","0,1010","-5.6","0,1029","-8.3","0,1129","-9.4","0,1210","0.0","0,0524","-3.9","0,0406","-4.4","0,0316","-9.4","0,0315","-9.4","0,0315","3738.9","","","","3738.9","0","","","","","","","","","","","832.0",",0","","","8.75","0","14.08","0","3.43","0"
"USC00200230","1926","42.29806","-83.66388","247.8","ANN ARBOR U OF MICH, MI US","276.0","","276.0","0","145","0","77","0","7","0","","","","","3","0","162","0","67","0","122","0","6","0","-21.1","0,0129,","","","","","53.1",",0,0801,","36.1","0,0721,","0.0","0,1019","-2.2","0,1026","-5.0","0,1110","-8.3","0,1111","-8.9","0,1201","-2.2","0,0504","-2.2","0,0504","-5.0","0,0419","-6.7","0,0415","-8.9","0,0327","4177.3","","","","4177.3","0","","","","","","","","","","","855.3",",0","","","7.79","0","12.61","0","2.97","0"
"USC00200230","1927","42.29806","-83.66388","247.8","ANN ARBOR U OF MICH, MI US","239.1","","239.1","0","129","0","73","0","4","0","","","","","4","0","127","0","43","0","123","0","7","0","-22.8","0,0115,","","","","","35.6",",0,0715,","33.3","0,0915,+","0.0","0,1104","-4.4","0,1106","-4.4","0,1106","-8.9","0,1119","-8.9","0,1119","0.0","0,0425","-3.3","0,0424","-5.6","0,0323","-7.8","0,0304","-9.4","0,0302","3752.4","","","","3752.4","0","","","","","","","","","","","848.1",",0","","","9.36","0","14.26","0","4.45","0"
"USC00200230","1928","42.29806","-83.66388","247.8","ANN ARBOR U OF MICH, MI US","276.7","","276.7","0","119","0","63","0","4","0","","","","","3","0","138","0","36","0","119","0","1","0","-20.0","0,0130,","","","","","43.9",",0,0719,","32.8","0,0803,","-2.8","0,1029","-2.8","0,1029","-5.6","0,1030","-7.2","0,1125","-9.4","0,1206","-1.1","0,0428","-3.3","0,0420","-5.0","0,0415","-7.2","0,0331","-11.1","0,0306","3662.4","","","","3662.4","0","","","","","","","","","","","675.9",",0","","","8.87","0","13.65","0","4.09","0"
"USC00200230","1929","42.29806","-83.66388","247.8","ANN ARBOR U OF MICH, MI US","","","","","137","0","77","0","2","0","","","","","6","0","124","0","","","","","","","-28.9","0,0220,","","","","","67.8",",0,1022,","","","0.0","0,1024","-4.4","0,1120","-4.4","0,1120","-6.7","0,1121","-11.1","0,1122","-4.4","0,0503","-4.4","0,0503","-4.4","0,0503","-11.7","0,0310","-11.7","0,0310","","","","","","","","","","","","","","","","","811.4",",0","","","","","","","3.23","0"
"USC00200230","1930","42.29806","-83.66388","247.8","ANN ARBOR U OF MICH, MI US","470.5","","470.5","0","110","0","46","0","3","0","","","","","5","0","141","0","53","0","149","0","20","0","-22.8","0,0118,","","","","","44.7",",0,0925,","38.3","0,0720,+","-1.1","0,1018","-2.2","0,1019","-5.6","0,1106","-7.8","0,1125","-13.3","0,1127","0.0","0,0426","-2.2","0,0424","-6.7","0,0330","-6.7","0,0330","-9.4","0,0322","3670.7","","","","3670.7","0","","","","","","","","","","","559.2",",0","","","9.79","0","14.97","0","4.60","0"
"USC00200230","1931","42.29806","-83.66388","247.8","ANN ARBOR U OF MICH, MI US","","","","","106","0","62","0","2","0","34","","11","0","0","0","123","0","","","","","","","-14.4","0,0121,","229",",0,0310,+","381",",0,0318,","39.1",",0,1112,","","","0.0","0,1018","-2.8","0,1106","-5.0","0,1126","-7.8","0,1207","-10.6","0,1208","0.0","0,0503","-2.8","0,0407","-4.4","0,0320","-7.2","0,0312","-8.9","0,0311","3505.8","","","","3505.8","0","","","","","","","","","","","620.8",",0","1182",",0","","","","","6.03","0"
"USC00200230","1932","42.29806","-83.66388","247.8","ANN ARBOR U OF MICH, MI US","377.0","","377.0","0","121","0","73","0","6","0","","","6","0","1","0","135","0","36","0","138","0","9","0","-18.9","0,1216,","","","89",",0,1116,+","59.2",",0,0903,","36.1","0,0721,+","0.0","0,1014","-2.2","0,1111","-8.9","0,1117","-8.9","0,1117","-8.9","0,1117","0.0","0,0502","-3.9","0,0417","-4.4","0,0412","-7.2","0,0323","-12.2","0,0315","","","","","","","","","","","","","","","","","908.4",",0","574",",0","9.60","0","14.62","0","4.57","0"
"USC00200230","1933","42.29806","-83.66388","247.8","ANN ARBOR U OF MICH, MI US","","","","","105","0","58","0","4","0","30","","7","0","6","0","137","0","32","0","134","0","28","0","-25.0","0,0210,","127",",0,0325,+","127",",0,0325,","46.5",",0,0630,","37.2","0,0723,","0.0","0,1023","-2.2","0,1025","-4.4","0,1028","-8.3","0,1114","-12.8","0,1115","-2.2","0,0427","-2.2","0,0427","-4.4","0,0329","-7.2","0,0316","-13.3","0,0311","","","","","","","","","","","","","","","","","617.1",",0","604",",0","10.03","0","15.07","0","4.99","0"
"USC00200230","1934","42.29806","-83.66388","247.8","ANN ARBOR U OF MICH, MI US","","","","","110","0","61","0","1","0","51","","11","0","8","0","137","0","","","","","","","-27.2","0,0209,","279",",0,0327,","142",",0,0327,","32.8",",0,0327,","","","0.0","0,1013","-2.2","0,1014","-5.6","0,1206","-13.3","0,1207","-13.3","0,1207","-0.6","0,0512","-2.2","0,0428","-4.4","0,0413","-7.2","0,0329","-10.0","0,0325","","","","","","","","","","","","","","","","","481.6",",0","897",",0","","","","","4.31","0"
"USC00200230","1935","42.29806","-83.66388","247.8","ANN ARBOR U OF MICH, MI US","377.2","","377.2","0","142","0","63","0","2","0","","","7","0","1","0","129","0","56","0","115","0","10","0","-17.8","0,0127,","","","94",",0,0205,","45.7",",0,0802,","35.0","0,0801,+","-1.1","0,1005","-2.2","0,1012","-5.0","0,1122","-7.2","0,1123","-16.1","0,1204","-0.6","0,0501","-6.1","0,0416","-6.1","0,0416","-6.7","0,0312","-10.6","0,0309","3473.1","","","","3473.1","0","","","","","","","","","","","657.1",",0","569",",0","8.90","0","13.57","0","4.23","0"
"USC00200230","1936","42.29806","-83.66388","247.8","ANN ARBOR U OF MICH, MI US","486.2","","486.2","0","116","0","60","0","5","0","63","","10","0","16","0","144","0","56","0","139","0","27","0","-23.3","0,0209,","305",",0,0220,+","254",",0,0406,+","29.2",",0,0602,","39.4","0,0714,+","-2.2","0,1026","-2.2","0,1026","-5.6","0,1027","-8.3","0,1119","-12.8","0,1127","-1.7","0,0423","-4.4","0,0422","-4.4","0,0422","-6.7","0,0407","-12.8","0,0306","3966.3","","","","3966.3","0","","","","","","","","","","","620.1",",0","1204",",0","9.07","0","14.44","0","3.69","0"
"USC00200230","1937","42.29806","-83.66388","247.8","ANN ARBOR U OF MICH, MI US","391.9","","391.9","0","123","0","75","0","9","0","42","","6","0","0","0","148","0","49","0","121","0","10","0","-17.2","0,0123,","127",",0,1221,+","89",",0,0122,","46.7",",0,0715,","33.3","0,0710,+","-2.8","0,1013","-2.8","0,1013","-4.4","0,1119","-7.8","0,1121","-8.9","0,1130","-2.2","0,0416","-2.2","0,0416","-4.4","0,0328","-12.2","0,0326","-12.2","0,0326","3561.3","","","","3561.3","0","","","","","","","","","","","897.3",",0","449",",0","9.13","0","13.93","0","4.33","0"
"USC00200230","1938","42.29806","-83.66388","247.8","ANN ARBOR U OF MICH, MI US","412.0","","412.0","0","133","0","68","0","4","0","56","","8","0","1","0","129","0","43","0","151","0","9","0","-18.3","0,0128,","102",",0,1229,+","71",",0,1226,","31.0",",0,0316,","33.3","0,0814,+","0.0","0,1028","-2.2","0,1109","-4.4","0,1115","-7.2","0,1125","-11.7","0,1127","-0.6","0,0512","-3.3","0,0410","-6.1","0,0406","-7.8","0,0306","-12.2","0,0304","3464.3","","","","3464.3","0","","","","","","","","","","","690.4",",0","543",",0","10.44","0","15.64","0","5.24","0"
"USC00200230","1939","42.29806","-83.66388","247.8","ANN ARBOR U OF MICH, MI US","522.2","","522.2","0","127","0","63","0","4","0","39","","9","0","0","0","142","0","45","0","155","0","18","0","-16.7","0,0126,+","305",",0,0130,","157",",0,0130,","46.0",",0,0219,","36.7","0,0915,","0.0","0,1001","-4.4","0,1103","-4.4","0,1103","-8.9","0,1224","-8.9","0,1224","0.0","0,0512","-3.9","0,0413","-7.2","0,0412","-7.2","0,0412","-12.8","0,0319","3431.9","","","","3431.9","0","","","","","","","","","","","674.6",",0","818",",0","10.15","0","15.37","0","4.93","0"
"USC00200230","1940","42.29806","-83.66388","247.8","ANN ARBOR U OF MICH, MI US","396.6","","396.6","0","156","0","83","0","7","0","74","","20","0","2","0","143","0","64","0","125","0","15","0","-24.4","0,0119,","178",",0,0210,+","109",",0,0327,","31.0",",0,1216,","37.2","0,0724,","-0.6","0,1016","-3.9","0,1107","-6.7","0,1113","-6.7","0,1113","-8.9","0,1129","-0.6","0,0502","-4.4","0,0414","-4.4","0,0414","-7.8","0,0412","-10.6","0,0326","3827.4","","","","3827.4","0","","","","","","","","","","","834.8",",0","1161",",0","8.58","0","13.24","0","3.92","0"
"USC00200230","1941","42.29806","-83.66388","247.8","ANN ARBOR U OF MICH, MI US","482.9","","482.9","0","133","0","69","0","2","0","34","","8","0","0","0","128","0","54","0","152","0","17","0","-14.4","0,0317,","76",",0,1213,+","89",",0,0311,","30.7",",0,0825,","37.2","0,0727,+","-1.7","0,1028","-2.2","0,1029","-4.4","0,1124","-6.7","0,1207","-9.4","0,1211","0.0","0,0425","-2.2","0,0403","-4.4","0,0402","-6.7","0,0330","-11.1","0,0319","3536.8","","","","3536.8","0","","","","","","","","","","","708.8",",0","571",",0","10.35","0","15.39","0","5.31","0"
"USC00200230","1942","42.29806","-83.66388","247.8","ANN ARBOR U OF MICH, MI US","401.4","","401.4","0","138","0","75","0","10","0","57","","9","0","7","0","145","0","52","0","143","0","7","0","-22.8","0,0108,","178",",0,1218,","107",",0,0215,","46.2",",0,0606,","35.0","0,0718,","-0.6","0,0928","-2.2","0,1027","-8.3","0,1114","-8.3","0,1114","-12.8","0,1202","0.0","0,0420","-2.2","0,0413","-4.4","0,0309","-11.7","0,0225","-11.7","0,0225","3328.3","","","","3328.3","0","","","","","","","","","","","939.0",",0","743",",0","9.46","0","14.43","0","4.49","0"
"USC00200230","1943","42.29806","-83.66388","247.8","ANN ARBOR U OF MICH, MI US","408.4","","408.4","0","116","0","71","0","7","0","43","","9","0","6","0","146","0","50","0","130","0","7","0","-23.9","0,0120,","356",",0,0121,","122",",0,0306,","65.8",",0,0511,","34.4","0,0901,+","0.0","0,1016","-2.8","0,1109","-6.7","0,1116","-6.7","0,1116","-8.9","0,1211","-2.8","0,0501","-2.8","0,0501","-5.0","0,0415","-6.7","0,0414","-13.3","0,0309","3745.2","","","","3745.2","0","","","","","","","","","","","915.8",",0","760",",0","8.83","0","13.97","0","3.69","0"
"USC00200230","1944","42.29806","-83.66388","247.8","ANN ARBOR U OF MICH, MI US","508.7","","508.7","0","122","0","71","0","2","0","36","","8","0","0","0","139","0","51","0","143","0","20","0","-17.2","0,0213,","229",",0,1229,+","140",",0,1211,","54.4",",0,0623,","36.1","0,0814,","-1.1","0,1015","-5.0","0,1106","-5.0","0,1106","-8.9","0,1202","-8.9","0,1202","0.0","0,0418","-2.2","0,0417","-5.6","0,0405","-6.7","0,0404","-11.1","0,0319","3726.3","","","","3726.3","0","","","","","","","","","","","687.4",",0","769",",0","9.76","0","14.66","0","4.86","0"
"USC00200230","1945","42.29806","-83.66388","247.8","ANN ARBOR U OF MICH, MI US","323.7","","323.7","0","144","0","73","0","13","0","70","","2","0","3","0","121","0","61","0","122","0","2","0","-20.6","0,0102,","305",",0,0210,+","76",",0,1213,","40.4",",0,0331,","32.8","0,0830,+","0.0","0,1015","-2.8","0,1104","-4.4","0,1120","-6.7","0,1122","-10.6","0,1211","-0.6","0,0501","-2.2","0,0313","-6.1","0,0308","-6.7","0,0307","-13.9","0,0219","3483.8","","","","3483.8","0","","","","","","","","","","","928.4",",0","326",",0","9.04","0","13.77","0","4.32","0"
"USC00200230","1946","42.29806","-83.66388","247.8","ANN ARBOR U OF MICH, MI US","273.9","","273.9","0","104","0","58","0","4","0","17","","4","0","2","0","112","0","28","0","136","0","2","0","-18.9","0,0127,","76",",0,0226,","71",",0,0226,","34.8",",0,0618,","35.6","0,0719,","-0.6","0,1013","-5.0","0,1118","-5.0","0,1118","-9.4","0,1201","-9.4","0,1201","-1.7","0,0428","-2.2","0,0416","-6.7","0,0311","-6.7","0,0311","-11.1","0,0225","3347.0","","","","3347.0","0","","","","","","","","","","","602.2",",0","260",",0","10.07","0","15.70","0","4.44","0"
"USC00200230","1947","42.29806","-83.66388","247.8","ANN ARBOR U OF MICH, MI US","388.2","","388.2","0","97","0","63","0","2","0","","","6","0","2","0","153","0","62","0","129","0","14","0","-18.9","0,0208,","","","89",",0,0101,","61.0",",0,0820,","34.4","0,0818,+","0.0","0,1001","-2.2","0,1108","-4.4","0,1112","-6.7","0,1126","-10.0","0,1127","0.0","0,0510","-2.8","0,0509","-5.0","0,0419","-7.2","0,0330","-11.1","0,0318","3653.7","","","","3653.7","0","","","","","","","","","","","650.2",",0","476",",0","8.63","0","13.35","0","3.91","0"
"USC00200230","1948","42.29806","-83.66388","247.8","ANN ARBOR U OF MICH, MI US","383.8","","383.8","0","93","0","66","0","4","0","50","","5","0","4","0","125","0","60","0","122","0","7","0","-22.2","0,0123,","102",",0,0305,+","51",",0,0303,+","39.6",",0,0510,","36.1","0,0827,","0.0","0,1018","-2.2","0,1201","-5.6","0,1209","-8.3","0,1218","-13.3","0,1225","-0.6","0,0422","-3.3","0,0409","-7.8","0,0328","-7.8","0,0328","-12.8","0,0313","3693.8","","","","3693.8","0","","","","","","","","","","","744.4",",0","286",",0","9.37","0","14.09","0","4.64","0"
"USC00200230","1949","42.29806","-83.66388","247.8","ANN ARBOR U OF MICH, MI US","491.0","","491.0","0","95","0","68","0","10","0","18","","5","0","0","0","130","0","34","0","144","0","19","0","-16.7","0,0130,","152",",0,0204,","127",",0,1125,+","53.3",",0,0331,","35.0","0,0704,+","-0.6","0,1027","-5.0","0,1101","-5.0","0,1101","-6.7","0,1121","-9.4","0,1122","-2.2","0,0417","-2.2","0,0417","-6.7","0,0320","-6.7","0,0320","-10.6","0,0319","3314.3","","","","3314.3","0","","","","","","","","","","","856.4",",0","413",",0","10.47","0","15.69","0","5.24","0"
"USC00200230","1950","42.29806","-83.66388","247.8","ANN ARBOR U OF MICH, MI US","","","","","114","0","73","0","9","0","","","","","","","","","","","","","","","","","","","","","48.5",",0,0811,","","","","","","","","","","","","","","","","","","","","","","","3499.0","","","","3499.0","0","","","","","","","","","","","940.3",",0","","","","","","","",""
"USC00200230","1951","42.29806","-83.66388","247.8","ANN ARBOR U OF MICH, MI US","281.7","","281.7","0","110","0","80","0","7","0","54","","16","0","7","0","136","0","46","0","142","0","1","0","-22.8","0,1217,+","406",",0,1227,+","178",",0,1107,","72.4",",0,0722,","33.3","0,0831,","-0.6","0,1028","-4.4","0,1102","-4.4","0,1102","-10.0","0,1103","-10.0","0,1103","-0.6","0,0423","-7.2","0,0326","-7.2","0,0326","-7.2","0,0326","-8.9","0,0320","","","","","","","","","","","","","","","","","886.2",",0","1382",",0","8.94","0","13.84","0","4.02","0"
"USC00200230","1952","42.29806","-83.66388","247.8","ANN ARBOR U OF MICH, MI US","483.5","","483.5","0","110","0","63","0","5","0","34","","9","0","0","0","129","0","31","0","136","0","27","0","-14.4","0,0129,","178",",0,0105,","109",",0,0105,","37.6",",0,1117,","35.0","0,0616,","0.0","0,1003","-2.2","0,1018","-5.0","0,1127","-6.7","0,1128","-10.0","0,1129","-2.2","0,0412","-2.2","0,0412","-5.6","0,0411","-6.7","0,0315","-8.9","0,0307","3602.9","","","","3602.9","0","","","","","","","","","","","699.4",",0","690",",0","10.35","0","15.38","0","5.32","0"
"USC00200230","1953","42.29806","-83.66388","247.8","ANN ARBOR U OF MICH, MI US","","","","","110","0","58","0","4","0","29","","7","0","0","0","118","0","27","0","150","0","22","0","-15.0","0,0218,","76",",0,0113,+","51",",0,0111,","41.4",",0,0626,","36.7","0,0902,","-0.6","0,1007","-5.6","0,1105","-5.6","0,1105","-7.2","0,1215","-11.7","0,1216","-2.8","0,0421","-2.8","0,0421","-5.0","0,0310","-6.7","0,0309","-10.6","0,0308","3300.6","","","","3300.6","0","","","","","","","","","","","625.1",",0","488",",0","10.78","0","16.02","0","5.54","0"
"USC00200230","1956","42.29806","-83.66388","247.8","ANN ARBOR U OF MICH, MI US","395.5","","395.5","0","125","0","84","0","3","0","57","","8","0","0","0","138","0","28","0","136","0","10","0","-15.0","0,0124,+","203",",0,0324,","94",",0,0130,","59.7",",0,0429,","37.2","0,0613,","0.0","0,1109","-2.8","0,1110","-5.0","0,1117","-11.7","0,1123","-11.7","0,1123","-1.1","0,0516","-3.3","0,0423","-4.4","0,0330","-10.6","0,0325","-10.6","0,0325","","","","","","","","","","","","","","","","","713.5",",0","735",",0","9.67","0","15.04","0","4.29","0"
"USC00200230","1957","42.29806","-83.66388","247.8","ANN ARBOR U OF MICH, MI US","394.6","","394.6","0","98","0","77","0","4","0","44","","8","0","1","0","135","0","36","0","145","0","13","0","-21.7","0,0117,","203",",0,0110,","203",",0,0110,","37.3",",0,0708,","35.0","0,0617,","-1.7","0,1025","-5.6","0,1109","-5.6","0,1109","-6.7","0,1123","-13.9","0,1211","-0.6","0,0503","-2.8","0,0415","-5.0","0,0412","-7.8","0,0305","-10.6","0,0304","3375.5","","","","3375.5","0","","","","","","","","","","","873.1",",0","703",",0","9.86","0","15.05","0","4.67","0"
"USC00200230","1958","42.29806","-83.66388","247.8","ANN ARBOR U OF MICH, MI US","311.2","","311.2","0","98","0","61","0","3","0","51","","6","0","2","0","131","0","47","0","150","0","2","0","-21.7","0,0217,","127",",0,1216,+","76",",0,1208,+","51.1",",0,0806,","33.3","0,0803,","-1.1","0,1111","-2.2","0,1123","-4.4","0,1126","-7.8","0,1127","-13.9","0,1129","-1.7","0,0430","-2.8","0,0410","-5.0","0,0409","-8.3","0,0221","-13.3","0,0220","3473.2","","","","3473.2","0","","","","","","","","","","","568.7",",0","452",",0","9.26","0","14.61","0","3.90","0"
"USC00200230","1959","42.29806","-83.66388","247.8","ANN ARBOR U OF MICH, MI US","541.1","","541.1","0","113","0","67","0","10","0","","","","","3","0","141","0","37","0","149","0","20","0","-19.4","0,0105,","","","","","60.5",",0,1006,","34.4","0,0908,","-1.1","0,1019","-2.2","0,1103","-5.0","0,1112","-11.7","0,1117","-11.7","0,1117","-0.6","0,0421","-6.1","0,0329","-6.1","0,0329","-7.2","0,0328","-15.6","0,0322","3610.9","","","","3610.9","0","","","","","","","","","","","900.6",",0","","","10.04","0","15.45","0","4.63","0"
"USC00200230","1960","42.29806","-83.66388","247.8","ANN ARBOR U OF MICH, MI US","334.0","","334.0","0","115","0","60","0","5","0","58","","15","0","4","0","144","0","66","0","152","0","6","0","-24.4","0,1222,","254",",0,0304,+","89",",0,0226,+","56.1",",0,0701,","36.7","0,0908,","-1.1","0,1020","-3.3","0,1022","-4.4","0,1025","-6.7","0,1111","-8.9","0,1202","0.0","0,0510","-4.4","0,0410","-4.4","0,0410","-6.7","0,0327","-13.3","0,0325","3634.4","","","","3634.4","0","","","","","","","","","","","719.3",",0","810",",0","9.08","0","14.49","0","3.67","0"
"USC00200230","1962","42.29806","-83.66388","247.8","ANN ARBOR U OF MICH, MI US","459.6","","459.6","0","112","0","65","0","5","0","80","","14","0","9","0","141","0","50","0","154","0","15","0","-21.1","0,0110,","254",",0,1213,+","127",",0,1207,","40.1",",0,0914,","35.0","0,0609,","-1.7","0,1024","-3.3","0,1025","-9.4","0,1209","-9.4","0,1209","-9.4","0,1209","-7.2","0,0417","-7.2","0,0417","-7.2","0,0417","-7.2","0,0417","-8.9","0,0305","3452.3","","","","3452.3","0","","","","","","","","","","","648.9",",0","973",",0","9.73","0","15.10","0","4.36","0"
"USC00200230","1963","42.29806","-83.66388","247.8","ANN ARBOR U OF MICH, MI US","406.6","","406.6","0","76","0","41","0","1","0","79","","9","0","16","0","124","0","60","0","166","0","15","0","-25.6","0,0124,","178",",0,0127,+","102",",0,1212,","32.0",",0,0714,","35.6","0,0701,","0.0","0,1030","-2.2","0,1103","-6.7","0,1201","-6.7","0,1201","-17.8","0,1214","-1.7","0,0501","-4.4","0,0410","-4.4","0,0410","-6.7","0,0327","-11.1","0,0302","3615.6","","","","3615.6","0","","","","","","","","","","","427.8",",0","564",",0","9.67","0","15.42","0","3.93","0"
"USC00200230","1966","42.29806","-83.66388","247.8","ANN ARBOR U OF MICH, MI US","","","","","86","0","60","0","3","0","53","","10","0","","","","","","","","","","","","","254",",0,1103,","191",",0,1103,","42.7",",0,0512,","","","","","","","","","","","","","","","","","","","","","","","","","","","","","","","","","","","","","","","680.9",",0","895",",0","","","","","",""
"USC00200230","1967","42.29806","-83.66388","247.8","ANN ARBOR U OF MICH, MI US","384.9","","384.9","0","110","0","73","0","4","0","","","","","4","0","123","0","45","0","137","0","3","0","-21.1","0,0119,","","","","","54.6",",0,1221,","33.3","0,0616,+","0.0","0,1104","-3.9","0,1106","-9.4","0,1115","-9.4","0,1115","-9.4","0,1115","0.0","0,0427","-2.8","0,0425","-4.4","0,0412","-9.4","0,0319","-9.4","0,0319","","","","","","","","","","","","","","","","","853.8",",0","","","9.64","0","14.54","0","4.73","0"
"USC00200230","1968","42.29806","-83.66388","247.8","ANN ARBOR U OF MICH, MI US","451.6","","451.6","0","103","0","67","0","10","0","","","8","0","5","0","113","0","46","0","139","0","13","0","-20.0","0,0101,","","","203",",0,0323,","83.6",",0,0626,","33.9","0,0823,","0.0","0,1030","-2.8","0,1110","-4.4","0,1113","-7.2","0,1206","-8.9","0,1209","0.0","0,0426","-2.2","0,0405","-4.4","0,0324","-6.7","0,0323","-8.9","0,0314","3421.2","","","","3421.2","0","","","","","","","","","","","996.7",",0","572",",0","10.20","0","15.09","0","5.32","0"
"USC00200230","1969","42.29806","-83.66388","247.8","ANN ARBOR U OF MICH, MI US","453.9","","453.9","0","120","0","64","0","3","0","","","6","0","2","0","128","0","38","0","140","0","8","0","-19.4","0,0101,","","","86",",0,1231,","33.3",",0,0719,","33.9","0,0627,","-5.0","0,1023","-5.0","0,1023","-5.0","0,1023","-7.8","0,1115","-8.9","0,1121","0.0","0,0411","-8.9","0,0331","-8.9","0,0331","-8.9","0,0331","-8.9","0,0331","3412.5","","","","3412.5","0","","","","","","","","","","","808.4",",0","520",",0","10.12","0","14.98","0","5.27","0"
"USC00200230","1970","42.29806","-83.66388","247.8","ANN ARBOR U OF MICH, MI US","513.4","","513.4","0","134","0","83","0","4","0","","","19","0","6","0","127","0","48","0","150","0","3","0","-21.7","0,0122,+","","","102",",0,0209,","35.1",",0,0613,","33.3","0,0702,+","-0.6","0,1016","-2.8","0,1115","-8.3","0,1123","-8.3","0,1123","-9.4","0,1124","-0.6","0,0506","-2.2","0,0410","-6.7","0,0330","-6.7","0,0330","-10.0","0,0316","3537.9","","","","3537.9","0","","","","","","","","","","","785.4",",0","1129",",0","10.24","0","15.15","0","5.33","0"
"USC00200230","1971","42.29806","-83.66388","247.8","ANN ARBOR U OF MICH, MI US","493.6","","493.6","0","114","0","59","0","4","0","42","","15","0","5","0","132","0","40","0","159","0","12","0","-21.7","0,0202,+","127",",0,0310,+","76",",0,0307,","100.1",",0,0927,","36.1","0,0627,","-0.6","0,1104","-6.1","0,1107","-6.1","0,1107","-8.3","0,1122","-8.9","0,1201","-0.6","0,0427","-2.8","0,0424","-6.1","0,0404","-6.7","0,0326","-8.9","0,0324","3512.7","","","","3512.7","0","","","","","","","","","","","609.0",",0","741",",0","10.43","0","15.62","0","5.23","0"
"USC00200230","1972","42.29806","-83.66388","247.8","ANN ARBOR U OF MICH, MI US","401.8","","401.8","0","145","0","76","0","3","0","51","","16","0","6","0","140","0","42","0","138","0","6","0","-25.6","0,0116,","102",",0,1218,+","152",",0,1114,","28.2",",0,0416,","33.9","0,0723,+","-1.7","0,1018","-5.0","0,1019","-5.0","0,1019","-6.7","0,1206","-15.0","0,1207","-1.7","0,0425","-5.0","0,0409","-5.0","0,0409","-8.9","0,0408","-8.9","0,0408","3357.1","","","","3357.1","0","","","","","","","","","","","734.2",",0","1022",",0","9.24","0","14.05","0","4.43","0"
"USC00200230","1973","42.29806","-83.66388","247.8","ANN ARBOR U OF MICH, MI US","478.1","","478.1","0","134","0","69","0","9","0","51","","13","0","2","0","107","0","37","0","145","0","12","0","-21.1","0,0217,","330",",0,0318,","315",",0,0317,","38.4",",0,0317,","34.4","0,0903,+","-2.2","0,1105","-2.2","0,1105","-5.6","0,1210","-7.2","0,1212","-9.4","0,1214","-1.1","0,0414","-3.9","0,0413","-5.0","0,0411","-7.8","0,0228","-12.2","0,0227","3351.4","","","","3351.4","0","","","","","","","","","","","913.9",",0","1104",",0","10.95","0","15.77","0","6.13","0"
"USC00200230","1974","42.29806","-83.66388","247.8","ANN ARBOR U OF MICH, MI US","379.0","","379.0","0","143","0","69","0","1","0","77","","18","0","0","0","136","0","40","0","141","0","7","0","-17.2","0,0108,","406",",0,1201,","401",",0,1201,","31.0",",0,1201,","34.4","0,0714,","-2.2","0,1002","-2.2","0,1002","-6.7","0,1115","-6.7","0,1115","-10.0","0,1126","-1.7","0,0507","-2.2","0,0410","-6.1","0,0409","-15.6","0,0325","-15.6","0,0325","3347.3","","","","3347.3","0","","","","","","","","","","","707.7",",0","1670",",0","9.65","0","14.59","0","4.70","0"
"USC00200230","1975","42.29806","-83.66388","247.8","ANN ARBOR U OF MICH, MI US","387.5","","387.5","0","139","0","84","0","6","0","63","","15","0","1","0","142","0","40","0","136","0","5","0","-20.6","0,0210,","229",",0,1227,+","165",",0,1226,","94.7",",0,0830,","35.0","0,0801,+","-0.6","0,1026","-3.3","0,1030","-4.4","0,1115","-7.2","0,1126","-9.4","0,1217","0.0","0,0426","-2.2","0,0421","-4.4","0,0412","-7.2","0,0406","-13.9","0,0309","3576.7","","","","3576.7","0","","","","","","","","","","","943.1",",0","1174",",0","9.59","0","14.69","0","4.49","0"
"USC00200230","1976","42.29806","-83.66388","247.8","ANN ARBOR U OF MICH, MI US","382.6","","382.6","0","128","0","63","0","4","0","74","","15","0","12","0","158","0","59","0","144","0","9","0","-23.3","0,0118,","330",",0,0207,+","97",",0,0113,","43.2",",0,0506,","35.0","0,0715,+","0.0","0,1017","-5.0","0,1018","-5.0","0,1018","-6.7","0,1027","-12.2","0,1129","-1.1","0,0508","-2.2","0,0413","-6.1","0,0412","-10.6","0,0322","-10.6","0,0322","3476.4","","","","3476.4","0","","","","","","","","","","","696.5",",0","1069",",0","8.77","0","14.51","0","3.03","0"
"USC00200230","1977","42.29806","-83.66388","247.8","ANN ARBOR U OF MICH, MI US","385.7","","385.7","0","158","0","81","0","5","0","92","","17","0","16","0","126","0","67","0","145","0","9","0","-23.3","0,0129,+","279",",0,0110,","183",",0,0318,","47.5",",0,0719,","35.6","0,0715,","-0.6","0,1013","-5.0","0,1017","-5.0","0,1017","-7.8","0,1113","-8.9","0,1126","0.0","0,0509","-2.8","0,0429","-6.1","0,0409","-7.2","0,0408","-8.9","0,0324","3973.2","","","","3973.2","0","","","","","","","","","","","898.6",",0","1518",",0","9.14","0","14.36","0","3.92","0"
"USC00200230","1978","42.29806","-83.66388","247.8","ANN ARBOR U OF MICH, MI US","405.3","","405.3","0","146","0","75","0","3","0","94","","18","0","8","0","150","0","75","0","130","0","9","0","-19.4","0,0115,","508",",0,0126,","295",",0,0126,","46.2",",0,0621,","34.4","0,0908,","0.0","0,1009","-2.8","0,1024","-5.6","0,1127","-10.0","0,1129","-10.0","0,1129","-0.6","0,0502","-3.9","0,0501","-4.4","0,0409","-8.3","0,0324","-9.4","0,0318","4089.6","","","","4089.6","0","","","","","","","","","","","764.3",",0","1645",",0","8.36","0","13.66","0","3.06","0"
"USC00200230","1979","42.29806","-83.66388","247.8","ANN ARBOR U OF MICH, MI US","306.6","","306.6","0","159","0","77","0","3","0","73","","10","0","11","0","140","0","63","0","135","0","2","0","-25.0","0,0217,","356",",0,1129,","130",",0,0113,","44.7",",0,0630,","32.8","0,0808,+","-0.6","0,1011","-2.8","0,1027","-7.2","0,1112","-7.2","0,1112","-11.7","0,1202","-1.1","0,0505","-4.4","0,0410","-4.4","0,0410","-8.3","0,0407","-9.4","0,0327","3901.4","","","","3901.4","0","","","","","","","","","","","798.6",",0","929",",0","8.54","0","13.65","0","3.44","0"
"USC00200230","1980","42.29806","-83.66388","247.8","ANN ARBOR U OF MICH, MI US","398.1","","398.1","0","156","0","76","0","8","0","","","12","0","5","0","144","0","67","0","136","0","5","0","-20.0","0,1225,","","","178",",0,0308,","43.2",",0,0802,","33.9","0,0716,+","-0.6","0,1013","-3.9","0,1029","-7.2","0,1112","-7.2","0,1112","-13.3","0,1203","-1.7","0,0417","-3.3","0,0416","-5.0","0,0326","-8.3","0,0315","-13.9","0,0312","3725.7","","","","3725.7","0","","","","","","","","","","","958.5",",0","1048",",0","8.72","0","13.74","0","3.72","0"
"USC00200230","1981","42.29806","-83.66388","247.8","ANN ARBOR U OF MICH, MI US","343.3","","343.3","0","158","0","71","0","5","0","64","","13","0","6","0","136","0","52","0","127","0","4","0","-24.4","0,0104,","279",",0,0210,+","198",",0,0210,","45.0",",0,0904,","32.8","0,0709,+","-0.6","0,1003","-5.6","0,1024","-5.6","0,1024","-6.7","0,1130","-13.3","0,1218","0.0","0,0507","-5.0","0,0421","-5.0","0,0421","-6.7","0,0320","-8.9","0,0316","3717.9","","","","3717.9","0","","","","","","","","","","","916.7",",0","1176",",0","9.10","0","14.11","0","4.08","0"
"USC00200230","1982","42.29806","-83.66388","247.8","ANN ARBOR U OF MICH, MI US","325.2","","325.2","0","153","0","83","0","3","0","82","","18","0","8","0","133","0","61","0","140","0","0","0","-26.1","0,0117,","483",",0,0205,","196",",0,0406,","73.9",",0,0629,","31.7","0,0717,","-2.2","0,1017","-2.2","0,1017","-5.0","0,1115","-7.2","0,1127","-10.6","0,1209","0.0","0,0429","-2.8","0,0422","-11.1","0,0408","-11.1","0,0408","-11.1","0,0408","3959.5","","","","3959.5","0","","","","","","","","","","","932.3",",0","1555",",0","9.09","0","14.19","0","3.99","0"
"USC00200230","1983","42.29806","-83.66388","247.8","ANN ARBOR U OF MICH, MI US","493.8","","493.8","0","145","0","78","0","8","0","38","","11","0","7","0","133","0","48","0","129","0","18","0","-24.4","0,1223,","229",",0,1229,","203",",0,0321,","50.3",",0,0502,","34.4","0,0910,+","-1.7","0,1027","-3.3","0,1104","-7.2","0,1112","-7.2","0,1112","-10.6","0,1208","-1.1","0,0509","-3.9","0,0420","-7.2","0,0419","-7.2","0,0419","-12.8","0,0325","3316.0","","","","3316.0","0","","","","","","","","","","","956.2",",0","1260",",0","9.72","0","14.87","0","4.57","0"
"USC00200230","1984","42.29806","-83.66388","247.8","ANN ARBOR U OF MICH, MI US","411.7","","411.7","0","155","0","75","0","4","0","62","","11","0","7","0","134","0","47","0","131","0","12","0","-27.2","0,0121,","279",",0,0201,+","99",",0,1111,+","45.7",",0,1111,","35.0","0,0723,","-2.2","0,1102","-2.2","0,1102","-5.0","0,1103","-8.3","0,1120","-8.9","0,1122","0.0","0,0502","-2.2","0,0411","-6.1","0,0326","-7.2","0,0324","-9.4","0,0313","3837.6","","","","3837.6","0","","","","","","","","","","","775.9",",0","941",",0","9.56","0","14.89","0","4.23","0"
"USC00200230","1985","42.29806","-83.66388","247.8","ANN ARBOR U OF MICH, MI US","338.1","","338.1","0","170","0","95","0","11","0","68","","23","0","10","0","124","0","65","0","144","0","3","0","-26.7","0,0121,","330",",0,0216,+","127",",0,0304,","54.4",",0,1019,","33.3","0,0708,","-1.1","0,1108","-2.2","0,1120","-5.6","0,1121","-10.0","0,1202","-10.0","0,1202","0.0","0,0417","-3.9","0,0410","-7.2","0,0409","-7.2","0,0409","-9.4","0,0318","3403.2","","","","3403.2","0","","","","","","","","","","","1097.0",",0","1598",",0","9.30","0","14.41","0","4.19","0"
"USC00200230","1986","42.29806","-83.66388","247.8","ANN ARBOR U OF MICH, MI US","382.7","","382.7","0","156","0","82","0","4","0","65","","18","0","4","0","142","0","41","0","147","0","7","0","-21.1","0,0127,","229",",0,0217,+","94",",0,1120,","46.2",",0,0925,","33.3","0,0719,+","0.0","0,1010","-5.6","0,1110","-5.6","0,1110","-12.2","0,1113","-12.2","0,1113","-1.7","0,0503","-5.6","0,0423","-5.6","0,0423","-6.7","0,0324","-12.2","0,0321","3545.0","","","","3545.0","0","","","","","","","","","","","909.0",",0","1293",",0","9.71","0","14.74","0","4.68","0"
"USC00200230","1987","42.29806","-83.66388","247.8","ANN ARBOR U OF MICH, MI US","543.3","","543.3","0","151","0","78","0","5","0","59","","20","0","3","0","132","0","32","0","145","0","29","0","-20.0","0,0125,","229",",0,0131,+","173",",0,0110,","72.9",",0,0822,","36.1","0,0720,","-1.1","0,1012","-2.8","0,1109","-5.0","0,1111","-11.1","0,1121","-11.1","0,1121","-0.6","0,0409","-3.9","0,0404","-7.2","0,0403","-7.2","0,0403","-10.6","0,0311","3339.8","","","","3339.8","0","","","","","","","","","","","857.2",",0","1479",",0","10.71","0","16.01","0","5.41","0"
"USC00200230","1988","42.29806","-83.66388","247.8","ANN ARBOR U OF MICH, MI US","545.7","","545.7","0","159","0","79","0","8","0","64","","17","0","10","0","139","0","48","0","141","0","40","0","-25.0","0,0214,","279",",0,0212,+","178",",0,0211,","65.5",",0,0717,","38.3","0,0625,","-1.1","0,1006","-2.8","0,1027","-6.1","0,1030","-8.9","0,1210","-8.9","0,1210","0.0","0,0425","-2.2","0,0419","-8.3","0,0322","-8.3","0,0322","-10.0","0,0321","3579.9","","","","3579.9","0","","","","","","","","","","","963.2",",0","1389",",0","9.67","0","15.30","0","4.04","0"
"USC00200230","1989","42.29806","-83.66388","247.8","ANN ARBOR U OF MICH, MI US","338.4","","338.4","0","158","0","85","0","7","0","59","","17","0","8","0","150","0","58","0","142","0","2","0","-22.8","0,1222,","178",",0,1227,","102",",0,0106,","44.5",",0,0531,","32.8","0,0710,","0.0","0,0924","-2.8","0,1009","-8.9","0,1117","-8.9","0,1117","-8.9","0,1117","-1.7","0,0507","-3.3","0,0423","-6.7","0,0411","-6.7","0,0411","-9.4","0,0322","3627.2","","","","3627.2","0","","","","","","","","","","","918.1",",0","1293",",0","8.77","0","14.04","0","3.49","0"
"USC00200230","1990","42.29806","-83.66388","247.8","ANN ARBOR U OF MICH, MI US","361.1","","361.1","0","147","0","83","0","10","0","51","","13","0","2","0","128","0","22","0","144","0","7","0","-18.3","0,0225,","203",",0,0224,","175",",0,0215,","91.4",",0,0819,","36.1","0,0704,","0.0","0,1020","-2.8","0,1026","-5.0","0,1108","-8.9","0,1214","-8.9","0,1214","0.0","0,0419","-3.9","0,0418","-5.6","0,0412","-6.7","0,0407","-13.9","0,0307","3563.5","","","","3563.5","0","","","","","","","","","","","1199.7",",0","1291",",0","10.41","0","15.67","0","5.15","0"
"USC00200230","1991","42.29806","-83.66388","247.8","ANN ARBOR U OF MICH, MI US","543.4","","543.4","0","152","0","81","0","4","0","46","","15","0","2","0","124","0","44","0","153","0","18","0","-17.8","0,0125,+","229",",0,0215,","147",",0,0214,","39.6",",0,0831,","35.0","0,0720,","-1.1","0,0928","-2.8","0,1016","-7.2","0,1103","-7.2","0,1103","-8.9","0,1105","0.0","0,0418","-2.2","0,0412","-5.0","0,0402","-7.8","0,0330","-10.0","0,0312","3224.0","","","","3224.0","0","","","","","","","","","","","834.8",",0","1003",",0","10.70","0","15.98","0","5.42","0"
"USC00200230","1992","42.29806","-83.66388","247.8","ANN ARBOR U OF MICH, MI US","216.5","","216.5","0","168","0","90","0","6","0","45","","13","0","1","0","130","0","30","0","127","0","3","0","-18.3","0,0119,","279",",0,0117,","239",",0,0114,","41.4",",0,0618,","32.8","0,0810,+","0.0","0,1018","-3.3","0,1019","-4.4","0,1108","-7.2","0,1206","-9.4","0,1221","-1.1","0,0428","-4.4","0,0413","-4.4","0,0413","-7.8","0,0324","-11.7","0,0323","3511.0","","","","3511.0","0","","","","","","","","","","","992.4",",0","1316",",0","9.06","0","13.93","0","4.18","0"
"USC00200230","1993","42.29806","-83.66388","247.8","ANN ARBOR U OF MICH, MI US","358.0","","358.0","0","175","0","82","0","5","0","77","","24","0","2","0","144","0","48","0","128","0","8","0","-19.4","0,0225,","229",",0,0223,","188",",0,0110,","36.6",",0,0104,","33.9","0,0827,","0.0","0,0930","-2.2","0,1010","-4.4","0,1125","-7.2","0,1128","-9.4","0,1212","-2.8","0,0427","-2.8","0,0427","-4.4","0,0403","-11.1","0,0319","-11.1","0,0319","3653.0","","","","3653.0","0","","","","","","","","","","","880.3",",0","1866",",0","9.04","0","13.87","0","4.20","0"
"USC00200230","1994","42.29806","-83.66388","247.8","ANN ARBOR U OF MICH, MI US","378.8","","378.8","0","146","0","67","0","7","0","68","","18","0","12","0","127","0","45","0","140","0","8","0","-30.0","0,0119,","229",",0,0227,+","244",",0,1207,","35.3",",0,1001,","35.0","0,0616,","0.0","0,1010","-2.2","0,1111","-7.2","0,1124","-7.2","0,1124","-11.1","0,1208","-1.1","0,0422","-3.9","0,0408","-6.1","0,0407","-11.7","0,0317","-11.7","0,0317","3864.9","","","","3864.9","0","","","","","","","","","","","872.5",",0","1557",",0","9.53","0","15.00","0","4.06","0"
"USC00200230","1995","42.29806","-83.66388","247.8","ANN ARBOR U OF MICH, MI US","482.9","","482.9","0","158","0","74","0","6","0","78","","17","0","4","0","142","0","61","0","144","0","15","0","-20.0","0,0205,","229",",0,0123,","142",",0,0121,","52.8",",0,0724,","36.7","0,0714,","-1.1","0,1017","-3.9","0,1104","-6.7","0,1105","-6.7","0,1105","-10.0","0,1124","-0.6","0,0424","-2.2","0,0415","-10.0","0,0405","-10.0","0,0405","-10.0","0,0405","3356.5","","","","3356.5","0","","","","","","","","","","","884.9",",0","1475",",0","9.43","0","14.59","0","4.26","0"
"USC00200230","1996","42.29806","-83.66388","247.8","ANN ARBOR U OF MICH, MI US","373.8","","373.8","0","173","0","82","0","5","0","57","","22","0","10","0","150","0","58","0","131","0","6","0","-23.3","0,0203,","152",",0,0320,","165",",0,0320,","48.3",",0,1107,","33.9","0,0807,","0.0","0,1003","-2.2","0,1103","-4.4","0,1111","-6.7","0,1112","-9.4","0,1114","-1.7","0,0513","-2.2","0,0427","-6.7","0,0409","-6.7","0,0409","-14.4","0,0327","3942.5","","","","3942.5","0","","","","","","","","","","","865.3",",0","1534",",0","8.72","0","13.84","0","3.60","0"
"USC00200230","1997","42.29806","-83.66388","247.8","ANN ARBOR U OF MICH, MI US","290.3","","290.3","0","184","0","90","0","8","0","57","","23","0","4","0","134","0","43","0","121","0","7","0","-21.7","0,0119,","178",",0,1211,+","185",",0,1210,","51.1",",0,0726,","34.4","0,0714,","0.0","0,1021","-3.3","0,1022","-7.8","0,1113","-7.8","0,1113","-10.0","0,1118","0.0","0,0507","-2.2","0,0420","-6.7","0,0410","-6.7","0,0410","-10.0","0,0324","3721.6","","","","3721.6","0","","","","","","","","","","","1010.7",",0","1662",",0","8.94","0","13.75","0","4.12","0"
"USC00200230","1998","42.29806","-83.66388","247.8","ANN ARBOR U OF MICH, MI US","518.0","","518.0","0","135","0","78","0","6","0","","","10","0","0","0","105","0","22","0","156","0","11","0","-13.9","0,1230,+","","","127",",0,0321,","115.3",",0,0806,","35.6","0,0721,","0.0","0,1022","-3.9","0,1104","-7.2","0,1218","-7.2","0,1218","-12.2","0,1222","-1.1","0,0428","-2.2","0,0406","-5.0","0,0324","-10.0","0,0316","-10.0","0,0316","3205.8","","","","3205.8","0","","","","","","","","","","","995.1",",0","676",",0","11.76","0","16.95","0","6.56","0"
"USC00200230","1999","42.29806","-83.66388","247.8","ANN ARBOR U OF MICH, MI US","472.6","","472.6","0","139","0","74","0","6","0","51","","20","0","5","0","124","0","37","0","157","0","17","0","-22.8","0,0105,","457",",0,0113,+","257",",0,0102,","53.8",",0,0929,","35.6","0,0730,","0.0","0,1007","-2.8","0,1104","-5.6","0,1117","-6.7","0,1201","-10.0","0,1218","-0.6","0,0425","-2.2","0,0328","-4.4","0,0327","-9.4","0,0313","-9.4","0,0313","3183.7","","","","3183.7","0","","","","","","","","","","","923.0",",0","1924",",0","10.54","0","16.11","0","4.98","0"
"USC00200230","2000","42.29806","-83.66388","247.8","ANN ARBOR U OF MICH, MI US","","","","","168","0","91","0","10","0","66","","23","0","7","0","124","0","","","","","","","-21.1","0,1222,","457",",0,1213,","178",",0,1212,","80.5",",0,0625,","","","0.0","0,1007","-2.8","0,1118","-5.0","0,1121","-7.8","0,1122","-9.4","0,1123","-2.2","0,0413","-2.2","0,0413","-7.2","0,0318","-7.2","0,0318","-11.1","0,0221","3186.9","","","","3186.9","0","","","","","","","","","","","1166.4",",0","1957",",0","","","","","4.56","0"
"USC00200230","2001","42.29806","-83.66388","247.8","ANN ARBOR U OF MICH, MI US","435.3","","435.3","0","163","0","79","0","6","0","52","","13","0","0","0","121","0","36","0","139","0","14","0","-17.2","0,0102,","381",",0,0103,+","79",",0,0317,","56.6",",0,1016,","36.7","0,0808,","-1.1","0,1007","-2.2","0,1018","-4.4","0,1210","-7.2","0,1225","-12.2","0,1226","-1.7","0,0419","-2.2","0,0418","-6.1","0,0328","-8.3","0,0327","-13.3","0,0326","","","","","","","","","","","","","","","","","974.8",",0","912",",0","10.58","0","15.63","0","5.52","0"
"USC00200230","2002","42.29806","-83.66388","247.8","ANN ARBOR U OF MICH, MI US","563.2","","563.2","0","159","0","75","0","5","0","51","","14","0","0","0","142","0","29","0","142","0","30","0","-16.7","0,1203,","203",",0,0131,+","193",",0,0130,","39.9",",0,0131,","35.6","0,0703,","-0.6","0,1014","-2.2","0,1021","-4.4","0,1118","-8.9","0,1127","-8.9","0,1127","-1.1","0,0519","-3.3","0,0407","-5.6","0,0406","-6.7","0,0328","-10.6","0,0322","3189.0","","","","3189.0","0","","","","","","","","","","","783.0",",0","1517",",0","10.43","0","15.74","0","5.11","0"
"USC00200230","2003","42.29806","-83.66388","247.8","ANN ARBOR U OF MICH, MI US","321.9","","321.9","0","174","0","86","0","3","0","63","","23","0","3","0","137","0","57","0","144","0","5","0","-22.2","0,0303,","178",",0,0306,+","155",",0,0223,","39.1",",0,0922,","33.3","0,0821,","-0.6","0,1002","-2.8","0,1107","-7.8","0,1108","-7.8","0,1108","-9.4","0,1207","0.0","0,0427","-2.8","0,0423","-5.6","0,0409","-8.9","0,0314","-8.9","0,0314","3721.1","","","","3721.1","0","","","","","","","","","","","910.8",",0","1466",",0","9.28","0","14.63","0","3.93","0"
"USC00200230","2004","42.29806","-83.66388","247.8","ANN ARBOR U OF MICH, MI US","340.1","","340.1","0","170","0","87","0","4","0","72","","19","0","6","0","122","0","47","0","155","0","3","0","-21.1","0,0125,","305",",0,0128,","188",",0,1223,","55.6",",0,0521,","32.8","0,0827,","-0.6","0,1005","-2.8","0,1108","-5.0","0,1109","-7.2","0,1214","-17.2","0,1219","-1.7","0,0504","-2.2","0,0428","-6.1","0,0405","-10.0","0,0322","-10.0","0,0322","3400.4","","","","3400.4","0","","","","","","","","","","","893.7",",0","1478",",0","9.90","0","15.07","0","4.72","0"
"USC00200230","2005","42.29806","-83.66388","247.8","ANN ARBOR U OF MICH, MI US","565.1","","565.1","0","149","0","84","0","4","0","92","","26","0","4","0","133","0","62","0","152","0","21","0","-19.4","0,0127,+","305",",0,0122,","236",",0,0122,","61.5",",0,0716,","35.0","0,0625,","-1.7","0,1027","-4.4","0,1117","-4.4","0,1117","-7.2","0,1118","-11.1","0,1124","-2.8","0,0504","-2.8","0,0504","-4.4","0,0326","-8.9","0,0316","-8.9","0,0316","3460.4","","","","3460.4","0","","","","","","","","","","","898.5",",0","2471",",0","10.27","0","15.51","0","5.03","0"
"USC00200230","2006","42.29806","-83.66388","247.8","ANN ARBOR U OF MICH, MI US","412.1","","412.1","0","161","0","93","0","8","0","15","","7","0","0","0","111","0","17","0","137","0","10","0","-17.2","0,0218,","102",",0,0211,+","119",",0,0118,","60.7",",0,0913,","35.0","0,0801,+","0.0","0,1012","-2.2","0,1026","-4.4","0,1103","-7.2","0,1204","","","0.0","0,0428","-3.3","0,0409","-6.7","0,0321","-6.7","0,0321","-8.9","0,0304","3168.4","","","","3168.4","0","","","","","","","","","","","1208.1",",0","649",",0","10.87","0","15.83","0","5.92","0"
"USC00200230","2007","42.29806","-83.66388","247.8","ANN ARBOR U OF MICH, MI US","504.6","","504.6","0","174","0","76","0","7","0","63","","16","0","4","0","129","0","62","0","163","0","12","0","-21.1","0,0205,","254",",0,1216,","269",",0,1216,","42.7",",0,0820,","35.6","0,0708,","-0.6","0,1029","-2.8","0,1119","-7.2","0,1123","-7.2","0,1123","-8.9","0,1128","-1.7","0,0415","-2.8","0,0410","-5.0","0,0408","-7.8","0,0407","-12.2","0,0308","3341.4","","","","3341.4","0","","","","","","","","","","","934.3",",0","1487",",0","10.34","0","15.57","0","5.11","0"
"USC00200230","2008","42.29806","-83.66388","247.8","ANN ARBOR U OF MICH, MI US","384.1","","384.1","0","183","0","98","0","9","0","81","","30","0","3","0","139","0","56","0","145","0","7","0","-18.3","0,1222,+","254",",0,1223,+","290",",0,0101,","52.8",",0,0914,","33.9","0,0903,","-1.7","0,1022","-3.3","0,1030","-6.7","0,1118","-6.7","0,1118","-8.9","0,1121","-1.7","0,0430","-2.2","0,0415","-4.4","0,0402","-6.7","0,0323","-11.1","0,0309","3471.4","","","","3471.4","0","","","","","","","","","","","1060.0",",0","2687",",0","9.49","0","14.69","0","4.28","0"
"USC00200230","2009","42.29806","-83.66388","247.8","ANN ARBOR U OF MICH, MI US","270.4","","270.4","0","172","0","81","0","8","0","59","","20","0","5","0","128","0","54","0","137","0","5","0","-23.3","0,0116,","305",",0,0130,+","168",",0,0110,","67.3",",0,0620,","33.9","0,0809,","-1.1","0,1011","-3.3","0,1106","-4.4","0,1204","-8.3","0,1205","-11.1","0,1210","-1.7","0,0423","-2.8","0,0412","-4.4","0,0323","-7.2","0,0320","-11.1","0,0304","3636.3","","","","3636.3","0","","","","","","","","","","","1049.0",",0","1479",",0","9.34","0","14.46","0","4.22","0"
"USC00200230","2010","42.29806","-83.66388","247.8","ANN ARBOR U OF MICH, MI US","543.4","","543.4","0","148","0","74","0","7","0","71","","15","0","0","0","128","0","58","0","151","0","12","0","-16.1","0,0103,","330",",0,0226,","244",",0,0222,","67.1",",0,0606,","34.4","0,0707,","0.0","0,1022","-2.8","0,1101","-4.4","0,1106","-7.8","0,1208","-11.1","0,1209","0.0","0,0510","-2.8","0,0410","-5.6","0,0327","-6.7","0,0326","-11.7","0,0208","3265.9","","","","3265.9","0","","","","","","","","","","","988.3",",0","1382",",0","10.75","0","15.89","0","5.61","0"
"USC00200230","2011","42.29806","-83.66388","247.8","ANN ARBOR U OF MICH, MI US","527.1","","527.1","K","178","K","102","K","10","K","","","","","2","K","129","K","47","K","137","K","26","K","-18.9","K,0211,","","","","","70.9",",K,0525,","37.2","K,0721,","-1.1","K,1022","-2.2","K,1030","-5.6","K,1118","-10.6","K,1210","-10.6","K,1210","-0.6","K,0419","-2.2","K,0403","-5.6","K,0331","-7.2","K,0329","-9.4","K,0327","3603.6","","","","3603.6","K","","","","","","","","","","","1297.6",",K","","","10.28","K","15.23","K","5.33","K"
"USC00200230","2012","42.29806","-83.66388","247.8","ANN ARBOR U OF MICH, MI US","596.4","","596.4","7","149","7","72","7","0","7","","","","","0","7","115","7","21","7","157","7","35","7","-16.7","7,0120,","","","","","24.9",",7,0809,","37.8","7,0717,+","-1.1","K,1008","-2.2","K,1103","-5.6","K,1114","-7.2","7,1223","-10.6","7,1228","-2.8","K,0429","-2.8","K,0429","-7.2","K,0310","-7.2","K,0310","-8.9","K,0212","2854.8","","","","2854.8","7","","","","","","","","","","","686.4",",7","","","11.88","7","17.42","7","6.34","7"
"USC00200230","2013","42.29806","-83.66388","247.8","ANN ARBOR U OF MICH, MI US","420.9","","420.9","7","178","7","81","7","8","7","","","","","1","7","143","7","50","7","146","7","9","7","-19.4","7,0122,","","","","","46.5",",7,0627,","34.4","7,0910,+","-0.6","7,1022","-5.6","7,1112","-5.6","7,1112","-7.2","7,1113","-11.7","7,1124","-2.2","7,0513","-2.2","7,0513","-4.4","7,0421","-10.0","7,0321","-10.0","7,0321","3428.9","","      25.0","7,5,2","3428.9","7","      27.2","7,5,2","      -2.8","7,5,2","      -2.2","7,5,2","       9.2","7,5,2","      11.6","7,5,2","1002.0",",7","","","9.58","7","14.48","7","4.69","7"
"USC00200230","2014","42.29806","-83.66388","247.8","ANN ARBOR U OF MICH, MI US","333.3","","333.3","7","182","7","90","7","5","7","","","","","14","7","137","7","66","7","141","7","1","7","-25.6","7,0107,","","","","","40.6",",7,0512,","33.9","7,0905,","-1.7","7,1019","-5.6","7,1102","-5.6","7,1102","-11.7","7,1118","-11.7","7,1118","0.0","7,0427","-7.2","7,0416","-7.2","7,0416","-7.2","7,0416","-11.7","7,0326","3939.4","","      21.7","7,5,2","3939.4","7","      24.4","7,5,2","      -2.8","7,5,2","      -2.8","7,5,2","       8.8","7,5,2","      10.9","7,5,2","994.2",",7","","","8.53","7","13.62","7","3.44","7"
"USC00200230","2015","42.29806","-83.66388","247.8","ANN ARBOR U OF MICH, MI US","415.3","","415.3","7","169","7","74","7","7","7","","","","","16","7","113","7","53","7","153","7","7","7","-26.1","7,0220,","","","","","50.8",",7,0614,","32.8","7,0907,+","-2.2","7,1017","-2.2","7,1017","-5.6","7,1122","-7.2","7,1123","","","-2.8","7,0424","-2.8","7,0424","-4.4","7,0404","-8.3","7,0329","-10.6","7,0328","3745.3","","      21.7","7,5,2","3745.3","7","      25.6","7,5,2","      -4.4","7,5,2","      -3.9","7,5,2","       9.0","7,5,2","      11.3","7,5,2","888.6",",7","","","10.07","7","15.34","7","4.79","7"
"USC00200230","2016","42.29806","-83.66388","247.8","ANN ARBOR U OF MICH, MI US","582.8","","582.8","7","165","7","85","7","5","7","54","","20","7","1","7","121","7","38","7","155","7","22","7","-18.3","7,0214,","229",",7,1217,+","234",",7,1211,","63.8",",7,0816,","35.0","7,0723,","0.0","7,1028","-2.8","7,1112","-5.0","7,1121","-6.7","7,1122","-10.0","7,1213","-0.6","7,0414","-5.0","7,0410","-5.0","7,0410","-8.3","7,0405","-9.4","7,0303","2995.9","","      23.9","7,5,2","2995.9","7","      28.3","7,5,2","      -2.2","7,5,2","      -2.2","7,5,2","       9.9","7,5,2","      12.7","7,5,2","928.7",",7","1644",",7","11.31","7","16.63","7","5.99","7"
"USC00200230","2017","42.29806","-83.66388","247.8","ANN ARBOR U OF MICH, MI US","396.7","","396.7","7","181","7","90","7","8","7","42","","18","7","4","7","114","7","38","7","155","7","11","7","-27.2","7,1228,","254",",7,1214,","109",",7,1225,","43.2",",7,1118,","33.3","7,0923,+","-2.2","7,1026","-2.2","7,1026","-5.0","7,1108","-8.9","7,1110","-8.9","7,1110","-0.6","7,0508","-7.2","7,0323","-7.2","7,0323","-7.2","7,0323","-10.6","7,0315","2967.8","","      22.2","7,5,2","2967.8","7","      25.6","7,5,2","      -2.8","7,5,2","      -2.8","7,5,2","       8.9","7,5,2","      11.1","7,5,2","1037.0",",7","1536",",7","10.57","7","16.15","7","5.00","7"
"USC00200230","2018","42.29806","-83.66388","247.8","ANN ARBOR U OF MICH, MI US","471.9","","471.9","7","181","7","94","7","9","7","53","","24","7","9","7","158","7","38","7","149","7","19","7","-25.0","7,0107,","330",",7,0210,","178",",7,0209,","41.7",",7,0801,","35.0","7,0617,","-0.6","7,1014","-3.3","7,1016","-5.0","7,1018","-11.7","7,1114","-11.7","7,1114","-2.2","7,0430","-2.2","7,0430","-10.0","7,0408","-10.0","7,0408","-10.0","7,0408","3650.8","","      23.3","7,5,2","3650.8","7","      25.6","7,5,2","      -3.9","7,5,2","      -3.9","7,5,2","       8.3","7,5,2","       9.9","7,5,2","1072.2",",7","1774",",7","9.53","7","14.98","7","4.07","7"
"USC00200230","2019","42.29806","-83.66388","247.8","ANN ARBOR U OF MICH, MI US","","","","","","","","","","","","","","","","","","","","","","","","","","","","","","","","","","","","","","","","","","","","","","","","","","","","","","","3705.7","","","","3705.7","H","","","","","","","","","","","","","","","","","","","",""
